The Dark Tower	How to lose weight without going crazy? And how to gain it back? An unusual story of confrontation.	institute-book.jpg	Rocky Balboa	freedom@pisem.local	roland.jpg	rent	1105	Miscellaneous;Discs	2024-09-19T08:44:47.166Z
Gwendy's Button Box	A story about vampires from a small town. Treachery, an unconventional plot, and the extraordinary adventures of a priest.	dark-tower.jpg	Jack Torrance	fish@big.local	coffee.jpg	rent	1783	Miscellaneous;Discs	2024-09-21T08:44:47.166Z
The Gunslinger	Even cars have souls. Is that a good thing? A mystical story about a car.	shining.jpg	Oleg Sidorov	author@mir.local	roland.jpg	sale	919	Kitchenware;Miscellaneous;Discs	2024-09-19T08:44:47.166Z
Thinner	To walk or to stop? A question without a right answer. A story about a long and deadly walk.	draft.jpg	Boris Gesar	freedom@pisem.local	smite.jpg	rent	1177	Miscellaneous;Discs	2024-09-21T08:44:47.167Z
The Long Walk	The world is not only inhabited by humans. Others live among them and visually look no different. A story about magic and powerful beings. The struggle between the forces of Good and Evil.	book.jpg	Rocky Balboa	president@dka.local	coffee.jpg	rent	1902	Kitchenware;Miscellaneous;Discs	2024-09-18T08:44:47.167Z
The Green Mile	A crime saga from the inimitable Mario Puzo. Shootouts, chases, betrayal, and friendship.	shining.jpg	Pierre Bezukhov	kujo-fan@story.local	coffee.jpg	sale	1219	Miscellaneous;Discs	2024-09-20T08:44:47.167Z
Lisey's Story	Guilty or not? It doesn't matter. The outcome is the same. Superpowers won't help.	institute-book.jpg	Anton Gorodetsky	rolan@pochta.local	user.jpg	rent	629	Miscellaneous;Discs	2024-09-17T08:44:47.167Z
Night Watch	To walk or to stop? A question without a right answer. A story about a long and deadly walk.	book.jpg	Pierre Bezukhov	president@dka.local	smite.jpg	sale	1178	Kitchenware;Miscellaneous;Discs	2024-09-18T08:44:47.167Z
The Drawing of the Three	To walk or to stop? A question without a right answer. A story about a long and deadly walk.	draft.jpg	Rocky Balboa	test@lost.loca	roland.jpg	rent	651	Miscellaneous;Discs	2024-09-18T08:44:47.167Z
The Long Walk	How to lose weight without going crazy? And how to gain it back? An unusual story of confrontation.	institute-book.jpg	Jack Torrance	kujo-fan@story.local	smite.jpg	sale	1639	Kitchenware;Miscellaneous;Discs	2024-09-20T08:44:47.167Z
The Gunslinger	Even cars have souls. Is that a good thing? A mystical story about a car.	dark-tower.jpg	Oleg Sidorov	test@lost.loca	photo.jpg	rent	1642	Discs	2024-09-16T08:44:47.167Z
The Godfather	How to lose weight without going crazy? And how to gain it back? An unusual story of confrontation.	dark-tower.jpg	Rocky Balboa	kujo-fan@story.local	coffee.jpg	rent	427	Kitchenware;Miscellaneous;Discs	2024-09-21T08:44:47.167Z
Gwendy's Button Box	A story about vampires from a small town. Treachery, an unconventional plot, and the extraordinary adventures of a priest.	institute-book.jpg	Anton Gorodetsky	test@pisem.local	roland.jpg	sale	285	Discs	2024-09-18T08:44:47.167Z
The Running Man	Even cars have souls. Is that a good thing? A mystical story about a car.	shining.jpg	Oleg Sidorov	test@pisem.local	photo.jpg	sale	1795	Discs	2024-09-20T08:44:47.168Z
Night Watch	To walk or to stop? A question without a right answer. A story about a long and deadly walk.	magic.jpg	Rocky Balboa	rolan@pochta.local	awesome-avatar.jpg	rent	1571	Kitchenware;Miscellaneous;Discs	2024-09-21T08:44:47.168Z
Salem's Lot	Even cars have souls. Is that a good thing? A mystical story about a car.	dark-tower.jpg	Pierre Bezukhov	rolan@pochta.local	photo.jpg	sale	260	Books;Magazines;Kitchenware	2024-09-17T08:44:47.168Z
Christine	Answer the call and turn into a zombie. A story about zombification through communication devices.	institute-book.jpg	Ivan Ivanov	fish@big.local	smite.jpg	sale	1738	Magazines;Kitchenware;Miscellaneous	2024-09-21T08:44:47.168Z
Salem's Lot	A story about vampires from a small town. Treachery, an unconventional plot, and the extraordinary adventures of a priest.	magic.jpg	Jack Torrance	rolan@pochta.local	photo.jpg	rent	1958	Books;Magazines	2024-09-20T08:44:47.168Z
Night Watch	Even cars have souls. Is that a good thing? A mystical story about a car.	draft.jpg	Rocky Balboa	snow@pisem.local	user.jpg	sale	1537	Kitchenware;Miscellaneous;Discs	2024-09-22T08:44:47.168Z
Draft	How to lose weight without going crazy? And how to gain it back? An unusual story of confrontation.	shining.jpg	Boris Gesar	freedom@pisem.local	photo.jpg	sale	1062	Miscellaneous;Discs	2024-09-21T08:44:47.168Z
Christine	Even cars have souls. Is that a good thing? A mystical story about a car.	institute-book.jpg	Oleg Sidorov	test@lost.loca	roland.jpg	rent	940	Magazines;Kitchenware	2024-09-20T08:44:47.168Z
The Institute	Answer the call and turn into a zombie. A story about zombification through communication devices.	draft.jpg	Jack Torrance	author@mir.local	awesome-avatar.jpg	sale	894	Miscellaneous;Discs	2024-09-21T08:44:47.168Z
Christine	Even cars have souls. Is that a good thing? A mystical story about a car.	book.jpg	Ivan Ivanov	freedom@pisem.local	smite.jpg	sale	1727	Discs	2024-09-19T08:44:47.168Z
The Running Man	A crime saga from the inimitable Mario Puzo. Shootouts, chases, betrayal, and friendship.	institute-book.jpg	Pierre Bezukhov	test@lost.loca	awesome-avatar.jpg	sale	1771	Magazines;Kitchenware;Miscellaneous;Discs	2024-09-19T08:44:47.168Z
The Eyes of the Dragon	How to lose weight without going crazy? And how to gain it back? An unusual story of confrontation.	dark-tower.jpg	Boris Gesar	author@mir.local	smite.jpg	sale	1712	Miscellaneous;Discs	2024-09-19T08:44:47.168Z
The Long Walk	Guilty or not? It doesn't matter. The outcome is the same. Superpowers won't help.	book.jpg	Roland Deschain	president@dka.local	awesome-avatar.jpg	rent	1243	Miscellaneous;Discs	2024-09-16T08:44:47.168Z
Lisey's Story	A story about vampires from a small town. Treachery, an unconventional plot, and the extraordinary adventures of a priest.	institute-book.jpg	Pierre Bezukhov	president@dka.local	photo.jpg	rent	1377	Books;Magazines	2024-09-19T08:44:47.168Z
Draft	Guilty or not? It doesn't matter. The outcome is the same. Superpowers won't help.	book.jpg	Holly Gibney	freedom@pisem.local	roland.jpg	rent	794	Miscellaneous;Discs	2024-09-21T08:44:47.169Z
Gwendy's Button Box	Answer the call and turn into a zombie. A story about zombification through communication devices.	book.jpg	Ivan Ivanov	rolan@pochta.local	roland.jpg	rent	1001	Magazines;Kitchenware	2024-09-20T08:44:47.169Z
Lisey's Story	A story about vampires from a small town. Treachery, an unconventional plot, and the extraordinary adventures of a priest.	draft.jpg	Anton Gorodetsky	freedom@pisem.local	smite.jpg	rent	1327	Kitchenware;Miscellaneous;Discs	2024-09-17T08:44:47.169Z
Salem's Lot	A story about vampires from a small town. Treachery, an unconventional plot, and the extraordinary adventures of a priest.	draft.jpg	Jack Torrance	test@pisem.local	awesome-avatar.jpg	rent	531	Kitchenware;Miscellaneous	2024-09-21T08:44:47.169Z
Cell	Even cars have souls. Is that a good thing? A mystical story about a car.	shining.jpg	Holly Gibney	rolan@pochta.local	smite.jpg	sale	1135	Magazines;Kitchenware;Miscellaneous;Discs	2024-09-20T08:44:47.169Z
Cell	How to lose weight without going crazy? And how to gain it back? An unusual story of confrontation.	shining.jpg	Holly Gibney	rolan@pochta.local	awesome-avatar.jpg	sale	1949	Miscellaneous;Discs	2024-09-19T08:44:47.169Z
The Godfather	To walk or to stop? A question without a right answer. A story about a long and deadly walk.	magic.jpg	Boris Gesar	author@mir.local	awesome-avatar.jpg	rent	692	Books;Magazines;Kitchenware;Miscellaneous	2024-09-19T08:44:47.169Z
Gwendy's Button Box	A crime saga from the inimitable Mario Puzo. Shootouts, chases, betrayal, and friendship.	dark-tower.jpg	Roland Deschain	test@lost.loca	awesome-avatar.jpg	sale	1540	Kitchenware;Miscellaneous;Discs	2024-09-18T08:44:47.169Z
Lisey's Story	Answer the call and turn into a zombie. A story about zombification through communication devices.	institute-book.jpg	Rocky Balboa	test@lost.loca	smite.jpg	rent	1677	Discs	2024-09-16T08:44:47.169Z
Cell	The world is not only inhabited by humans. Others live among them and visually look no different. A story about magic and powerful beings. The struggle between the forces of Good and Evil.	shining.jpg	Pierre Bezukhov	freedom@pisem.local	smite.jpg	rent	145	Magazines;Kitchenware;Miscellaneous;Discs	2024-09-21T08:44:47.169Z
Lisey's Story	Guilty or not? It doesn't matter. The outcome is the same. Superpowers won't help.	draft.jpg	Pierre Bezukhov	president@dka.local	coffee.jpg	sale	1648	Magazines;Kitchenware	2024-09-20T08:44:47.169Z
The Eyes of the Dragon	Even cars have souls. Is that a good thing? A mystical story about a car.	shining.jpg	Roland Deschain	freedom@pisem.local	photo.jpg	rent	102	Miscellaneous;Discs	2024-09-18T08:44:47.169Z
Thinner	Answer the call and turn into a zombie. A story about zombification through communication devices.	book.jpg	John Smith	president@dka.local	user.jpg	sale	332	Magazines;Kitchenware;Miscellaneous;Discs	2024-09-18T08:44:47.169Z
Gwendy's Button Box	A story about vampires from a small town. Treachery, an unconventional plot, and the extraordinary adventures of a priest.	dark-tower.jpg	John Smith	president@dka.local	awesome-avatar.jpg	rent	1811	Magazines;Kitchenware;Miscellaneous;Discs	2024-09-19T08:44:47.169Z
Salem's Lot	Even cars have souls. Is that a good thing? A mystical story about a car.	shining.jpg	Rocky Balboa	author@mir.local	smite.jpg	rent	1074	Miscellaneous;Discs	2024-09-22T08:44:47.169Z
The Godfather	To walk or to stop? A question without a right answer. A story about a long and deadly walk.	shining.jpg	Roland Deschain	test@pisem.local	roland.jpg	rent	1398	Kitchenware;Miscellaneous;Discs	2024-09-17T08:44:47.169Z
Draft	Guilty or not? It doesn't matter. The outcome is the same. Superpowers won't help.	dark-tower.jpg	Roland Deschain	fish@big.local	photo.jpg	rent	792	Kitchenware;Miscellaneous;Discs	2024-09-19T08:44:47.169Z
The Green Mile	A story about vampires from a small town. Treachery, an unconventional plot, and the extraordinary adventures of a priest.	book.jpg	Anton Gorodetsky	test@lost.loca	roland.jpg	rent	1345	Miscellaneous;Discs	2024-09-17T08:44:47.169Z
The Long Walk	Even cars have souls. Is that a good thing? A mystical story about a car.	dark-tower.jpg	Ivan Ivanov	test@pisem.local	awesome-avatar.jpg	sale	485	Discs	2024-09-18T08:44:47.169Z
Cujo	Answer the call and turn into a zombie. A story about zombification through communication devices.	magic.jpg	Pierre Bezukhov	snow@pisem.local	roland.jpg	rent	1817	Discs	2024-09-20T08:44:47.169Z
Cell	To walk or to stop? A question without a right answer. A story about a long and deadly walk.	shining.jpg	Roland Deschain	rolan@pochta.local	roland.jpg	rent	1022	Miscellaneous;Discs	2024-09-19T08:44:47.169Z
The Green Mile	A story about vampires from a small town. Treachery, an unconventional plot, and the extraordinary adventures of a priest.	shining.jpg	Boris Gesar	fish@big.local	awesome-avatar.jpg	rent	961	Miscellaneous;Discs	2024-09-16T08:44:47.170Z
Salem's Lot	The world is not only inhabited by humans. Others live among them and visually look no different. A story about magic and powerful beings. The struggle between the forces of Good and Evil.	book.jpg	Holly Gibney	fish@big.local	photo.jpg	rent	1198	Books;Magazines;Kitchenware;Miscellaneous	2024-09-18T08:44:47.170Z
